{
  "rag": {
    "f1": 0.1833418793709403,
    "exact_match": 0.0,
    "length_ratio": 1.1323056930281994
  },
  "bm25": {
    "f1": 0.07747945504503392,
    "exact_match": 0.0,
    "length_ratio": 19.100046168665095
  },
  "total_questions": 12
}