{
  "avg_response_time": 54.702953689238605,
  "median_response_time": 19.887024641036987,
  "std_response_time": 62.58746613873539,
  "source_grounding_rate": 0.058823529411764705,
  "uncertainty_rate": 0.0,
  "avg_rouge1_f1": 0.1270991588021635,
  "avg_rougeL_f1": 0.0960903100518765,
  "avg_token_overlap_f1": 0.1558931220880719,
  "exact_match_accuracy": 0.0
}